source_type,status_code,domain,url,final_url,case_ids,source_refs,title,body_sha256,body_size_bytes,text_size_chars,body_file,text_file,error
complaint_forum,200,bitcointalk.org,https://bitcointalk.org/?topic=5449402.0,https://bitcointalk.org/?topic=5449402.0,BTC-001,cases_database.json,Rollbit disables account and seizes funds (10.2k)!,c588149561311c0e917ec08403cba77dff048ca959af52f6c31ef941e6de9808,216513,50824,output/captures/public_records/20260510T102511Z/bitcointalk.org_611e33190dde.body.bin,output/captures/public_records/20260510T102511Z/bitcointalk.org_611e33190dde.text.txt,
complaint_forum,200,bitcointalk.org,https://bitcointalk.org/index.php?topic=5412105.0,https://bitcointalk.org/index.php?topic=5412105.0,BTC-011,cases_database.json,rollbit.com scam,460a2c4eb5c2732b35f7b6efdfd72d61f36b9e9c9043615ad0ae4b21b08a8a69,225397,37415,output/captures/public_records/20260510T102511Z/bitcointalk.org_index.php_2b512c902942.body.bin,output/captures/public_records/20260510T102511Z/bitcointalk.org_index.php_2b512c902942.text.txt,
complaint_forum,200,bitcointalk.org,https://bitcointalk.org/index.php?topic=5419674.0,https://bitcointalk.org/index.php?topic=5419674.0,BTC-003,cases_database.json,"Rollbit.com scamming $10,000 USD [Careful not to bet in their casino!] &#10071;",63d51b22f8713efb0187d50c2c9967edf63c63336959e2d211ddfb9cc899cd3e,203370,34747,output/captures/public_records/20260510T102511Z/bitcointalk.org_index.php_82b6c15380ff.body.bin,output/captures/public_records/20260510T102511Z/bitcointalk.org_index.php_82b6c15380ff.text.txt,
complaint_forum,200,bitcointalk.org,https://bitcointalk.org/index.php?topic=5447471.0,https://bitcointalk.org/index.php?topic=5447471.0,BTC-012,cases_database.json,Rollbit scam,4a747665afb69e55362b34870e383cf1fb97532af9d90203e4d51a4fcedfd86b,264540,36926,output/captures/public_records/20260510T102511Z/bitcointalk.org_index.php_622d03fdecc1.body.bin,output/captures/public_records/20260510T102511Z/bitcointalk.org_index.php_622d03fdecc1.text.txt,
complaint_forum,200,bitcointalk.org,https://bitcointalk.org/index.php?topic=5463996.40,https://bitcointalk.org/index.php?topic=5463996.40,BTC-002,REPORT_6_EVIDENCE_REGISTER.md|cases_database.json,"Rollbit Scam. Cannot Withdraw $30,211. Being Ignored by Support.",40f1915832408e9bf9ebcb50dfeb439fac46dfd012c406efa33afaa320d2071a,274846,68064,output/captures/public_records/20260510T102511Z/bitcointalk.org_index.php_bbf0ee817546.body.bin,output/captures/public_records/20260510T102511Z/bitcointalk.org_index.php_bbf0ee817546.text.txt,
complaint_forum,200,bitcointalk.org,https://bitcointalk.org/index.php?topic=5471380.0,https://bitcointalk.org/index.php?topic=5471380.0,BTC-006,cases_database.json,"Rollbit has literally has thrown my money away, sending it to an FTX address",5e0c67c266beddb264b826417deb151871e3b0d54e37f30b0e4396998bc72364,284958,76463,output/captures/public_records/20260510T102511Z/bitcointalk.org_index.php_6d250c2bdb6c.body.bin,output/captures/public_records/20260510T102511Z/bitcointalk.org_index.php_6d250c2bdb6c.text.txt,
complaint_forum,200,bitcointalk.org,https://bitcointalk.org/index.php?topic=5489049.0,https://bitcointalk.org/index.php?topic=5489049.0,BTC-007,REPORT_6_EVIDENCE_REGISTER.md|cases_database.json,ROLLBIT.COM is a scam. They stole my funds!,70e2f04dc0703d6d14c3bfbefe350485dac58e55a35ba52aaa7ab6c1e4dff6a6,220938,33259,output/captures/public_records/20260510T102511Z/bitcointalk.org_index.php_7ec7a49cdded.body.bin,output/captures/public_records/20260510T102511Z/bitcointalk.org_index.php_7ec7a49cdded.text.txt,
complaint_forum,200,bitcointalk.org,https://bitcointalk.org/index.php?topic=5489760.60,https://bitcointalk.org/index.php?topic=5489760.60,BTC-010,REPORT_6_EVIDENCE_REGISTER.md|cases_database.json,Rollbit locked/pending withdrawals,ef4eb78bf3f180fcbf64a0ff302dedca0a2bb7c4239a126435331340b8bbb929,294067,57826,output/captures/public_records/20260510T102511Z/bitcointalk.org_index.php_fda532cc1707.body.bin,output/captures/public_records/20260510T102511Z/bitcointalk.org_index.php_fda532cc1707.text.txt,
complaint_forum,200,bitcointalk.org,https://bitcointalk.org/index.php?topic=5503600.0,https://bitcointalk.org/index.php?topic=5503600.0,BTC-005,REPORT_6_EVIDENCE_REGISTER.md|cases_database.json,Rollbit locked my account with $55k+,c0dc20af0466f2ed4e9b05feca1d6927658279b05715f5b6d8028686fddf0099,203820,35228,output/captures/public_records/20260510T102511Z/bitcointalk.org_index.php_5afdc903b3d1.body.bin,output/captures/public_records/20260510T102511Z/bitcointalk.org_index.php_5afdc903b3d1.text.txt,
complaint_forum,200,bitcointalk.org,https://bitcointalk.org/index.php?topic=5504738.0,https://bitcointalk.org/index.php?topic=5504738.0,BTC-009,cases_database.json,[UNRESOLVED]Rollbit SCAMS money from restricted players with 0% chance of lose,c4def99c2822d0937476fe81f2e687bb62c1ad58ab609bfd3d35a146f24e3a26,237180,43002,output/captures/public_records/20260510T102511Z/bitcointalk.org_index.php_63a3bf1c9ec4.body.bin,output/captures/public_records/20260510T102511Z/bitcointalk.org_index.php_63a3bf1c9ec4.text.txt,
complaint_forum,200,bitcointalk.org,https://bitcointalk.org/index.php?topic=5520613.0,https://bitcointalk.org/index.php?topic=5520613.0,BTC-004,cases_database.json,ROLLBIT MAINTENANCE SCAM.,027360b91f05f904d1376ed5af5d875afd36c8f43c6e2ba30a921d52c1779a47,237788,57712,output/captures/public_records/20260510T102511Z/bitcointalk.org_index.php_66a555376c58.body.bin,output/captures/public_records/20260510T102511Z/bitcointalk.org_index.php_66a555376c58.text.txt,
complaint_forum,200,bitcointalk.org,https://bitcointalk.org/index.php?topic=5534596.0,https://bitcointalk.org/index.php?topic=5534596.0,BTC-013,cases_database.json,Scammed by Rollbit,e4ae3508d1e168cde2d78b5a420845535696fffc3b2f70e92181c266a740a070,131486,20037,output/captures/public_records/20260510T102511Z/bitcointalk.org_index.php_ec869fbbcf26.body.bin,output/captures/public_records/20260510T102511Z/bitcointalk.org_index.php_ec869fbbcf26.text.txt,
complaint_forum,200,bitcointalk.org,https://bitcointalk.org/index.php?topic=5537096.60,https://bitcointalk.org/index.php?topic=5537096.60,BTC-015,cases_database.json,Rollbit Blocking My funds � False Multiple Accounts Claim,5b8ca8bc5002bc8d5951423630354fce2e947d11e48bd796cd1b2891a43485bf,61659,12543,output/captures/public_records/20260510T102511Z/bitcointalk.org_index.php_1b41afb75450.body.bin,output/captures/public_records/20260510T102511Z/bitcointalk.org_index.php_1b41afb75450.text.txt,
complaint_forum,200,bitcointalk.org,https://bitcointalk.org/index.php?topic=5538532.0,https://bitcointalk.org/index.php?topic=5538532.0,BTC-014,REPORT_6_EVIDENCE_REGISTER.md|cases_database.json,Rollbit scam for 400 dollars (Resolved),c8b7660b285956769055677c5d1e124d9b0680db5e83aa98228dd92182225acb,150738,26652,output/captures/public_records/20260510T102511Z/bitcointalk.org_index.php_0440c909e6b9.body.bin,output/captures/public_records/20260510T102511Z/bitcointalk.org_index.php_0440c909e6b9.text.txt,
complaint_forum,200,bitcointalk.org,https://bitcointalk.org/index.php?topic=5538592.0,https://bitcointalk.org/index.php?topic=5538592.0,BTC-008,cases_database.json,Rollbit ignore and scam?,10ab5facb0cef46e23aaa8b0ad2f8aa39981fd8c532c3f951772dbd96ca6220e,229958,31055,output/captures/public_records/20260510T102511Z/bitcointalk.org_index.php_65270a565625.body.bin,output/captures/public_records/20260510T102511Z/bitcointalk.org_index.php_65270a565625.text.txt,
complaint_forum,200,bitcointalk.org,https://bitcointalk.org/index.php?topic=5539143.0;wap,https://bitcointalk.org/index.php?topic=5539143.0;wap,BT-017,REPORT_6_EVIDENCE_REGISTER.md|cases_database.json,,2598a4fda7f5802d501edf0c80459708e1af3e828dcbcf7de20620566b2d6bd4,11529,9623,output/captures/public_records/20260510T102511Z/bitcointalk.org_index.php_d593f7993ded.body.bin,output/captures/public_records/20260510T102511Z/bitcointalk.org_index.php_d593f7993ded.text.txt,
complaint_forum,200,bitcointalk.org,https://bitcointalk.org/index.php?topic=5543348.0;wap,https://bitcointalk.org/index.php?topic=5543348.0;wap,BT-016,REPORT_6_EVIDENCE_REGISTER.md|cases_database.json,,6f91c4992a24fbbc6747266316fa5e585da0053f0dbc228da1550e283b05d3c5,12408,10543,output/captures/public_records/20260510T102511Z/bitcointalk.org_index.php_d54f77166b45.body.bin,output/captures/public_records/20260510T102511Z/bitcointalk.org_index.php_d54f77166b45.text.txt,
complaint_forum,200,bitcointalk.org,https://bitcointalk.org/index.php?topic=5547447.0,https://bitcointalk.org/index.php?topic=5547447.0,CG-004,cases_database.json:alternate_urls,Rollbit Multi Account SCAM 3189$,7c1c720a0efbaacb53344d56af371f76ab719775568819a67b07c452450f3644,169536,24506,output/captures/public_records/20260510T102511Z/bitcointalk.org_index.php_007fad742a63.body.bin,output/captures/public_records/20260510T102511Z/bitcointalk.org_index.php_007fad742a63.text.txt,
complaint_forum,200,bitcointalk.org,https://bitcointalk.org/index.php?topic=5566400.0,https://bitcointalk.org/index.php?topic=5566400.0,BT-020,cases_database.json,ROLLBIT FROZE MY ACCOUNT ACCUSING ME OF MULTIACOUNTING,d42677441e5f3d6082a5a2858b495ad57f3ae227e96fdf1834208e85e35570e3,42888,9363,output/captures/public_records/20260510T102511Z/bitcointalk.org_index.php_c26ebdc15587.body.bin,output/captures/public_records/20260510T102511Z/bitcointalk.org_index.php_c26ebdc15587.text.txt,
complaint_forum,200,bitcointalk.org,https://bitcointalk.org/index.php?topic=5574081.0,https://bitcointalk.org/index.php?topic=5574081.0,BT-018,REPORT_6_EVIDENCE_REGISTER.md|cases_database.json,"[RESOLVED] Rollbit withdrawals frozen with $17,700",ef0343ea4938ab1922859f75999951712db8f43bb986782cb2fc5f55552dcf0e,213176,47164,output/captures/public_records/20260510T102511Z/bitcointalk.org_index.php_df6b5ddbd2f0.body.bin,output/captures/public_records/20260510T102511Z/bitcointalk.org_index.php_df6b5ddbd2f0.text.txt,
complaint_forum,200,bitcointalk.org,https://bitcointalk.org/index.php?topic=5574189.0,https://bitcointalk.org/index.php?topic=5574189.0,BT-019,cases_database.json,"[SCAM] Rollbit.com - Account frozen with 3,000 USDT without explanation",f9ea712301da1a99b73783c3e43111a2e12268018be96854e9da9544eff28451,62256,11592,output/captures/public_records/20260510T102511Z/bitcointalk.org_index.php_c310c72957a2.body.bin,output/captures/public_records/20260510T102511Z/bitcointalk.org_index.php_c310c72957a2.text.txt,
complaint_forum,200,bitcointalk.org,https://bitcointalk.org/index.php?topic=5581051.0,https://bitcointalk.org/index.php?topic=5581051.0,,cli,"Rollbit $29,090 withdrawal pending and sportsbook access blocked",479a3db03c08a52b7995f20256ddd5572d582cc985ec27b3b79971b6b718b8df,181626,25621,output/captures/public_records/20260510T102511Z/bitcointalk.org_index.php_958201815cb3.body.bin,output/captures/public_records/20260510T102511Z/bitcointalk.org_index.php_958201815cb3.text.txt,
complaint_forum,200,bitcointalk.org,https://bitcointalk.org/index.php?topic=5581293.msg66655063,https://bitcointalk.org/index.php?topic=5581293.msg66655063,,cli,Rollbit.com withdrawal and kyc issues RESOLVED,d322b90a116cbe5616020c3bc6f763142b96b466ae3a668e86e403c07e052a5f,120208,15343,output/captures/public_records/20260510T102511Z/bitcointalk.org_index.php_06c35c47f63e.body.bin,output/captures/public_records/20260510T102511Z/bitcointalk.org_index.php_06c35c47f63e.text.txt,
complaint_forum,200,bitcointalk.org,https://bitcointalk.org/index.php?topic=5581481.msg66673322,https://bitcointalk.org/index.php?topic=5581481.msg66673322,,cli,"Rollbit closed my account with ~$4,800 and I still don�t know the reason",b380615723a8c3e80cdf55e56b28120ea87802882f8390622bf3a4217b05431e,133816,25375,output/captures/public_records/20260510T102511Z/bitcointalk.org_index.php_94ebb32cf4ab.body.bin,output/captures/public_records/20260510T102511Z/bitcointalk.org_index.php_94ebb32cf4ab.text.txt,
complaint_mediation,200,casino.guru,https://casino.guru/complaints/rollbit-casino-player-believes-that-their-withdrawal-1,https://casino.guru/complaints/rollbit-casino-player-believes-that-their-withdrawal-1,,cli,Rollbit Casino - Player believes that their withdrawal has been delayed.,f5ba8f752df9684b616e43264e9f3a527905398b95dbf8c8ca41f2aca9507573,112793,6586,output/captures/public_records/20260510T102511Z/casino.guru_complaints_rollbit-casino-player-believes-that-their-withdrawal-1_9e8d2f1d95b1.body.bin,output/captures/public_records/20260510T102511Z/casino.guru_complaints_rollbit-casino-player-believes-that-their-withdrawal-1_9e8d2f1d95b1.text.txt,
complaint_mediation,200,casino.guru,https://casino.guru/complaints/rollbit-casino-player-s-account-has-been-closed,https://casino.guru/complaints/rollbit-casino-player-s-account-has-been-closed,CG-004,REPORT_6_EVIDENCE_REGISTER.md|cases_database.json,Rollbit Casino - Player’s account has been closed.,fb87f6eed50f217fba9a544bf606507f4fefea73212a13a68f68b03affc4fe3a,199099,24712,output/captures/public_records/20260510T102511Z/casino.guru_complaints_rollbit-casino-player-s-account-has-been-closed_3eef231b6ff0.body.bin,output/captures/public_records/20260510T102511Z/casino.guru_complaints_rollbit-casino-player-s-account-has-been-closed_3eef231b6ff0.text.txt,
complaint_mediation,200,casino.guru,https://casino.guru/complaints/rollbit-casino-player-s-account-has-been-closed-and,https://casino.guru/complaints/rollbit-casino-player-s-account-has-been-closed-and,CG-002,cases_database.json,Rollbit Casino - Player's account has been closed and funds confiscated.,ac0ed57b5cd6d683e2b0011584fd9914a74cfdc13739e6ea6a117cb30373274b,221277,29071,output/captures/public_records/20260510T102511Z/casino.guru_complaints_rollbit-casino-player-s-account-has-been-closed-and_dd203118e035.body.bin,output/captures/public_records/20260510T102511Z/casino.guru_complaints_rollbit-casino-player-s-account-has-been-closed-and_dd203118e035.text.txt,
complaint_mediation,200,casino.guru,https://casino.guru/complaints/rollbit-casino-player-s-account-has-been-restricted-2,https://casino.guru/complaints/rollbit-casino-player-s-account-has-been-restricted-2,,cli,Rollbit Casino - Player's account has been restricted and funds confiscated.,2da68e6b3e448a5b1bc86bc9d41a0e757638c29c88e36afa831038e4cd95ea2e,131839,17346,output/captures/public_records/20260510T102511Z/casino.guru_complaints_rollbit-casino-player-s-account-has-been-restricted-2_d12e6ac8af6f.body.bin,output/captures/public_records/20260510T102511Z/casino.guru_complaints_rollbit-casino-player-s-account-has-been-restricted-2_d12e6ac8af6f.text.txt,
complaint_mediation,200,casino.guru,https://casino.guru/complaints/rollbit-casino-player-s-account-is-closed-with-winnings,https://casino.guru/complaints/rollbit-casino-player-s-account-is-closed-with-winnings,CG-007,cases_database.json,Rollbit Casino - Player's account is closed with winnings confiscated.,a414e1531d61f6ea63a54ea29d5d14c04ba77f402e56ab050298dc027f61abb7,153850,18516,output/captures/public_records/20260510T102511Z/casino.guru_complaints_rollbit-casino-player-s-account-is-closed-with-winnings_efe997bb3a08.body.bin,output/captures/public_records/20260510T102511Z/casino.guru_complaints_rollbit-casino-player-s-account-is-closed-with-winnings_efe997bb3a08.text.txt,
complaint_mediation,200,casino.guru,https://casino.guru/complaints/rollbit-casino-player-s-withdrawal-has-been-denied,https://casino.guru/complaints/rollbit-casino-player-s-withdrawal-has-been-denied,CG-003,cases_database.json,Rollbit Casino - Player’s withdrawal has been denied.,46dd2463211e3ad0a6855163dedfe4fd1cbaa89feeea0d92e5726bb1a2bf4a69,131309,13663,output/captures/public_records/20260510T102511Z/casino.guru_complaints_rollbit-casino-player-s-withdrawal-has-been-denied_65cb42cba8e4.body.bin,output/captures/public_records/20260510T102511Z/casino.guru_complaints_rollbit-casino-player-s-withdrawal-has-been-denied_65cb42cba8e4.text.txt,
complaint_mediation,200,casino.guru,https://casino.guru/complaints/rollbit-casino-player-s-withdrawal-is-blocked-for,https://casino.guru/complaints/rollbit-casino-player-s-withdrawal-is-blocked-for,CG-006,REPORT_6_EVIDENCE_REGISTER.md|cases_database.json,Rollbit Casino - Player's withdrawal is blocked for several months.,b6e23f6263301ad4c20b9999b24f2acb1e03821d2c284b593fbe841a456b80b1,138734,22085,output/captures/public_records/20260510T102511Z/casino.guru_complaints_rollbit-casino-player-s-withdrawal-is-blocked-for_562ce637bb1a.body.bin,output/captures/public_records/20260510T102511Z/casino.guru_complaints_rollbit-casino-player-s-withdrawal-is-blocked-for_562ce637bb1a.text.txt,
complaint_mediation,200,casino.guru,https://casino.guru/complaints/rollbit-casino-player-s-withdrawal-restricted-due,https://casino.guru/complaints/rollbit-casino-player-s-withdrawal-restricted-due,CG-001,cases_database.json,Rollbit Casino - Player's withdrawal restricted due to accusations of multiple accounts.,772b6be0bc47c56eda941c85e28377fa7b5a8c693d385883072b9e579a627159,160981,17686,output/captures/public_records/20260510T102511Z/casino.guru_complaints_rollbit-casino-player-s-withdrawal-restricted-due_7ede52204409.body.bin,output/captures/public_records/20260510T102511Z/casino.guru_complaints_rollbit-casino-player-s-withdrawal-restricted-due_7ede52204409.text.txt,
complaint_mediation,200,casino.guru,https://casino.guru/complaints/rollbit-casino-player-s-withdrawals-are-blocked-by,https://casino.guru/complaints/rollbit-casino-player-s-withdrawals-are-blocked-by,CG-005,REPORT_6_EVIDENCE_REGISTER.md|cases_database.json,Rollbit Casino - Player's withdrawals are blocked by casino.,14e842b35718e01d1fccc9f8289ec772e220acb14e8077b9979471bd11154182,123667,11564,output/captures/public_records/20260510T102511Z/casino.guru_complaints_rollbit-casino-player-s-withdrawals-are-blocked-by_8f609fa44758.body.bin,output/captures/public_records/20260510T102511Z/casino.guru_complaints_rollbit-casino-player-s-withdrawals-are-blocked-by_8f609fa44758.text.txt,
complaint_mediation,200,forum.askgamblers.com,https://forum.askgamblers.com/topic/13060-rollbit-unfairly-suspended-and-over-7k-stolen-from-me/,https://forum.askgamblers.com/topic/13060-rollbit-unfairly-suspended-and-over-7k-stolen-from-me/,AG-002,cases_database.json,[Rollbit] Unfairly suspended and over $7k stolen from me - Online Slot Discussions - AskGamblers,0cb256ffbe2b368ec342a6a1357328c7b900baf786c7d752d7f72418ca08a35d,133812,12402,output/captures/public_records/20260510T102511Z/forum.askgamblers.com_topic_13060-rollbit-unfairly-suspended-and-over-7k-stolen-_3bf275d41b8c.body.bin,output/captures/public_records/20260510T102511Z/forum.askgamblers.com_topic_13060-rollbit-unfairly-suspended-and-over-7k-stolen-_3bf275d41b8c.text.txt,
complaint_mediation,200,forum.askgamblers.com,https://forum.askgamblers.com/topic/16031-rollbit-casino-withholding-winnings-and-banned-me-with-0-explanation/,https://forum.askgamblers.com/topic/16031-rollbit-casino-withholding-winnings-and-banned-me-with-0-explanation/,AG-001,cases_database.json,Rollbit Casino Withholding Winnings And Banned Me With 0 Explanation - Need help with a complaint? - AskGamblers,42f746e7899ce93fb3ef36e37e1b9947b948ca10efdc9f41ad0bcd1c9125b118,374898,21903,output/captures/public_records/20260510T102511Z/forum.askgamblers.com_topic_16031-rollbit-casino-withholding-winnings-and-banned_efcf0b7aeb7b.body.bin,output/captures/public_records/20260510T102511Z/forum.askgamblers.com_topic_16031-rollbit-casino-withholding-winnings-and-banned_efcf0b7aeb7b.text.txt,
complaint_mediation,200,www.casinolistings.com,https://www.casinolistings.com/forum/gambling/online-casinos/41297/rollbit-unfairly-suspended-and-over-7k-stolen-from-me,https://www.casinolistings.com/forum/gambling/online-casinos/41297/rollbit-unfairly-suspended-and-over-7k-stolen-from-me,CL-001,cases_database.json,[Rollbit] Unfairly suspended and over $7k stolen from me | Casino Listings forum,ebcf9cf870f3189d992b042ff291d61d675f7ce12100ae0468360a295e923083,70136,17582,output/captures/public_records/20260510T102511Z/www.casinolistings.com_forum_gambling_online-casinos_41297_rollbit-unfairly-susp_ff814004ed1c.body.bin,output/captures/public_records/20260510T102511Z/www.casinolistings.com_forum_gambling_online-casinos_41297_rollbit-unfairly-susp_ff814004ed1c.text.txt,
complaint_review,403,www.trustpilot.com,https://www.trustpilot.com/review/www.rollbit.com,https://www.trustpilot.com/review/www.rollbit.com,TP-001|TP-002|TP-003|TP-004|TP-005|TP-006|TP-007|TP-008|TP-009|TP-010|TP-011|TP-012|TP-013|TP-014|TP-015|TP-016|TP-017|TP-018|TP-019|TP-020|TP-021|TP-022|TP-023|TP-024|TP-025|TP-026|TP-027|TP-028|TP-029|TP-030|TP-031|TP-032|TP-033|TP-034|TP-035|TP-036|TP-037|TP-038|TP-039|TP-040|TP-041|TP-042|TP-043|TP-044|TP-045|TP-046|TP-047|TP-048|TP-049|TP-050|TP-051,REPORT_6_EVIDENCE_REGISTER.md|cases_database.json,Verifying Connection,92d97ed45d6cc267c657b864c4deee1c2d896cda361adc660bc16538a75700f2,991,185,output/captures/public_records/20260510T102511Z/www.trustpilot.com_review_www.rollbit.com_53e318382592.body.bin,output/captures/public_records/20260510T102511Z/www.trustpilot.com_review_www.rollbit.com_53e318382592.text.txt,
operator_publication,200,blog.rollbit.com,https://blog.rollbit.com/,https://blog.rollbit.com/,,REPORT_4_WEBSITE_TECHNICAL_INVESTIGATION.md|REPORT_5_NEWS_AND_REGULATORY_TIMELINE.md,Official Rollbit Blog,f44662a5702d9dba170ad5e58fdedc49fbc54ff8c676c492ab8f6b5cd8e8ddf1,70169,4740,output/captures/public_records/20260510T102511Z/blog.rollbit.com_deba0a0d9d3a.body.bin,output/captures/public_records/20260510T102511Z/blog.rollbit.com_deba0a0d9d3a.text.txt,
operator_publication,200,blog.rollbit.com,https://blog.rollbit.com/rlb-eth-migration/,https://blog.rollbit.com/rlb-eth-migration/,,REPORT_1_ONCHAIN_FORENSICS.md|REPORT_5_NEWS_AND_REGULATORY_TIMELINE.md,RLB Migration to ETH 💱,90caba2707fd40f8a224ede917a1e7c58d0bf8fca2230aa697c45cf7cd4e6030,30126,5872,output/captures/public_records/20260510T102511Z/blog.rollbit.com_rlb-eth-migration_a38e386d4f2b.body.bin,output/captures/public_records/20260510T102511Z/blog.rollbit.com_rlb-eth-migration_a38e386d4f2b.text.txt,
operator_publication,200,blog.rollbit.com,https://blog.rollbit.com/rlb-utility-guide/amp/,https://blog.rollbit.com/rlb-utility-guide/,,REPORT_1_ONCHAIN_FORENSICS.md|REPORT_5_NEWS_AND_REGULATORY_TIMELINE.md|REPORT_9_EXTERNAL_REVIEW_FACT_CHECK.md,RLB Utility Guide: Everything you need to know,04fd72d7f6add2fa4aef465b258c0c2c246b1ba29bc38563613fd76b5f3a04c3,37513,8573,output/captures/public_records/20260510T102511Z/blog.rollbit.com_rlb-utility-guide_amp_2dd657f0ae59.body.bin,output/captures/public_records/20260510T102511Z/blog.rollbit.com_rlb-utility-guide_amp_2dd657f0ae59.text.txt,
operator_surface,200,api.rollbit.com,https://api.rollbit.com/v1/public/rlb/supply.json,https://api.rollbit.com/v1/public/rlb/supply.json,,cli,,9a48daedc152be833982f7063c64fd8329b86cc6731c37586d8480ae9e6cd55c,31,31,output/captures/public_records/20260510T102511Z/api.rollbit.com_v1_public_rlb_supply.json_e228b670f9c7.body.bin,output/captures/public_records/20260510T102511Z/api.rollbit.com_v1_public_rlb_supply.json_e228b670f9c7.text.txt,
operator_surface,403,rollbit.com,https://rollbit.com/,https://rollbit.com/,,REPORT_4_WEBSITE_TECHNICAL_INVESTIGATION.md|REPORT_8_PUBLIC_RECORDS_AND_COMPLAINT_CAPTURE.md,Just a moment...,24f2cb044da68afcb4b338864e3ae81bfa1e18010bf9b717e98d7e84ae7e57ad,5445,16,output/captures/public_records/20260510T102511Z/rollbit.com_06d13996eb0a.body.bin,output/captures/public_records/20260510T102511Z/rollbit.com_06d13996eb0a.text.txt,
passive_scan,200,urlscan.io,https://urlscan.io/result/ae5a0a7d-6223-4610-b982-5c7258a2a285,https://urlscan.io/result/ae5a0a7d-6223-4610-b982-5c7258a2a285,,REPORT_4_WEBSITE_TECHNICAL_INVESTIGATION.md,rollbit.com - urlscan.io,4e89738d934a1d5c37d89b7ae76477ae7ef51b85c3f0953fdf7d3edebe7196cc,178511,25262,output/captures/public_records/20260510T102511Z/urlscan.io_result_ae5a0a7d-6223-4610-b982-5c7258a2a285_b75a434eb2ab.body.bin,output/captures/public_records/20260510T102511Z/urlscan.io_result_ae5a0a7d-6223-4610-b982-5c7258a2a285_b75a434eb2ab.text.txt,
public_record,200,api.coingecko.com,https://api.coingecko.com/api/v3/coins/rollbit-coin?localization=false&tickers=true&market_data=true&community_data=false&developer_data=false&sparkline=false,https://api.coingecko.com/api/v3/coins/rollbit-coin?localization=false&tickers=true&market_data=true&community_data=false&developer_data=false&sparkline=false,,cli,,ec3aeaa7aae7a5d37451c07567b872496613313c320b4fd074118907a990a0de,31327,31327,output/captures/public_records/20260510T102511Z/api.coingecko.com_api_v3_coins_rollbit-coin_d00c9fcf5413.body.bin,output/captures/public_records/20260510T102511Z/api.coingecko.com_api_v3_coins_rollbit-coin_d00c9fcf5413.text.txt,
public_record,200,api.dexscreener.com,https://api.dexscreener.com/latest/dex/tokens/0x046eee2cc3188071c02bfc1745a6b17c656e3f3d,https://api.dexscreener.com/latest/dex/tokens/0x046eee2cc3188071c02bfc1745a6b17c656e3f3d,,cli,,64404c312d37024387ce527a5efbfc09866a8833a284133c2baacdfa26bbac7e,6249,6249,output/captures/public_records/20260510T102511Z/api.dexscreener.com_latest_dex_tokens_0x046eee2cc3188071c02bfc1745a6b17c656e3f3d_b218991bd7f4.body.bin,output/captures/public_records/20260510T102511Z/api.dexscreener.com_latest_dex_tokens_0x046eee2cc3188071c02bfc1745a6b17c656e3f3d_b218991bd7f4.text.txt,
public_record,200,api.poloniex.com,https://api.poloniex.com/markets,https://api.poloniex.com/markets,,cli,,4496f408022d2b43bd46bb195bfc3c83d9e3d36332241a229ba0518763c03764,531608,531296,output/captures/public_records/20260510T102511Z/api.poloniex.com_markets_b53ad147e376.body.bin,output/captures/public_records/20260510T102511Z/api.poloniex.com_markets_b53ad147e376.text.txt,
public_record,200,gamingcontrol.spin-cdn.com,https://gamingcontrol.spin-cdn.com/media/license_registry/20260324_20260323_ogl_license_registry.pdf,https://gamingcontrol.spin-cdn.com/media/license_registry/20260324_20260323_ogl_license_registry.pdf,,cli,,63cf160cab2a72f64529877cd9e4d053121f69cde4ac5e9ec1167583a72dbf1f,1263335,1216145,output/captures/public_records/20260510T102511Z/gamingcontrol.spin-cdn.com_media_license_registry_20260324_20260323_ogl_license__967bf16bf27f.body.bin,output/captures/public_records/20260510T102511Z/gamingcontrol.spin-cdn.com_media_license_registry_20260324_20260323_ogl_license__967bf16bf27f.text.txt,
public_record,200,whitepaper.rollbot.com,https://whitepaper.rollbot.com/rlb-whitepaper/i/buy-and-burn,https://whitepaper.rollbot.com/rlb-whitepaper/i/buy-and-burn,,REPORT_1_ONCHAIN_FORENSICS.md,Buy &amp; Burn | RLB Whitepaper,ed8b30b0abe85d757dde7cffad508b902776089d79b3592fa372863ab9aa3de5,282909,2211,output/captures/public_records/20260510T102511Z/whitepaper.rollbot.com_rlb-whitepaper_i_buy-and-burn_4cc79bc7c2b4.body.bin,output/captures/public_records/20260510T102511Z/whitepaper.rollbot.com_rlb-whitepaper_i_buy-and-burn_4cc79bc7c2b4.text.txt,
public_record,200,whitepaper.rollbot.com,https://whitepaper.rollbot.com/rlb-whitepaper/i/utility/provide-liquidity,https://whitepaper.rollbot.com/rlb-whitepaper/i/utility/provide-liquidity,,REPORT_1_ONCHAIN_FORENSICS.md|REPORT_9_EXTERNAL_REVIEW_FACT_CHECK.md,Provide liquidity | RLB Whitepaper,a73185e57f406c794a9f5853d11c2eb130371aa4baeb138a763bfb7a87bfed60,258966,1221,output/captures/public_records/20260510T102511Z/whitepaper.rollbot.com_rlb-whitepaper_i_utility_provide-liquidity_625c399b932d.body.bin,output/captures/public_records/20260510T102511Z/whitepaper.rollbot.com_rlb-whitepaper_i_utility_provide-liquidity_625c399b932d.text.txt,
public_record,403,www.reddit.com,https://www.reddit.com/r/gambling/comments/1sruwwt/rollbit_is_blackmailing_vip_players_to_withdraw/,https://www.reddit.com/r/gambling/comments/1sruwwt/rollbit_is_blackmailing_vip_players_to_withdraw/,,cli,,dc131f91303300301ab1b23a7e3b0a084b9e325b318b2722d00fc637247b8b7a,190240,221,output/captures/public_records/20260510T102511Z/www.reddit.com_r_gambling_comments_1sruwwt_rollbit_is_blackmailing_vip_players_t_e0655b507521.body.bin,output/captures/public_records/20260510T102511Z/www.reddit.com_r_gambling_comments_1sruwwt_rollbit_is_blackmailing_vip_players_t_e0655b507521.text.txt,
public_record,403,www.reddit.com,https://www.reddit.com/r/onlinegambling/comments/1sruzyu/rollbit_is_blackmailing_vip_players_to_withdraw/,https://www.reddit.com/r/onlinegambling/comments/1sruzyu/rollbit_is_blackmailing_vip_players_to_withdraw/,,cli,,dc131f91303300301ab1b23a7e3b0a084b9e325b318b2722d00fc637247b8b7a,190240,221,output/captures/public_records/20260510T102511Z/www.reddit.com_r_onlinegambling_comments_1sruzyu_rollbit_is_blackmailing_vip_pla_64faf488687c.body.bin,output/captures/public_records/20260510T102511Z/www.reddit.com_r_onlinegambling_comments_1sruzyu_rollbit_is_blackmailing_vip_pla_64faf488687c.text.txt,
public_reporting,200,cryptoslate.com,https://cryptoslate.com/solana-based-rollbit-coin-faces-scrutiny-over-crypto-influencer-promotion-tactics/,https://cryptoslate.com/solana-based-rollbit-coin-faces-scrutiny-over-crypto-influencer-promotion-tactics/,,REPORT_1_ONCHAIN_FORENSICS.md|REPORT_5_NEWS_AND_REGULATORY_TIMELINE.md,Solana-based Rollbit Coin faces scrutiny over crypto influencer promotion tactics,c22f62491e06cc4bb1ee4a9779ff67b9d093931fb2ff78d0d21d3bd799fbef89,376365,19291,output/captures/public_records/20260510T102511Z/cryptoslate.com_solana-based-rollbit-coin-faces-scrutiny-over-crypto-influencer-_8c474c220819.body.bin,output/captures/public_records/20260510T102511Z/cryptoslate.com_solana-based-rollbit-coin-faces-scrutiny-over-crypto-influencer-_8c474c220819.text.txt,
public_reporting,200,dev.ua,https://dev.ua/en/news/krypto-1747475639,https://dev.ua/en/news/krypto-1747475639,,REPORT_1_ONCHAIN_FORENSICS.md|REPORT_5_NEWS_AND_REGULATORY_TIMELINE.md,Court hands over $123 million in crypto assets of unknown Ukrainian to ARMA. Allegedly linked to Rollbit online casino and money laundering via Binance | dev.ua,b41650ad533469f7afc427a0ffdfc1556fc1c5983903d7403f137fc7ed038148,52554,5623,output/captures/public_records/20260510T102511Z/dev.ua_en_news_krypto-1747475639_07be9265c3b3.body.bin,output/captures/public_records/20260510T102511Z/dev.ua_en_news_krypto-1747475639_07be9265c3b3.text.txt,
public_reporting,200,www.chaincatcher.com,https://www.chaincatcher.com/article/2235971,https://www.chaincatcher.com/article/2235971,,REPORT_1_ONCHAIN_FORENSICS.md|REPORT_5_NEWS_AND_REGULATORY_TIMELINE.md,数据：497.11 枚 BTC 从匿名地址转入 Rollbit，价值约 4519 万美元 - ChainCatcher,fac653224d68024cb90b95cbb1b4d701f672550e4b1b1bdb109a04ffef67c65b,55449,1420,output/captures/public_records/20260510T102511Z/www.chaincatcher.com_article_2235971_1dae7ce57398.body.bin,output/captures/public_records/20260510T102511Z/www.chaincatcher.com_article_2235971_1dae7ce57398.text.txt,
public_reporting,200,www.chaincatcher.com,https://www.chaincatcher.com/article/2236424,https://www.chaincatcher.com/article/2236424,,REPORT_1_ONCHAIN_FORENSICS.md|REPORT_5_NEWS_AND_REGULATORY_TIMELINE.md,数据：1.5 万枚 SOL 从 Rollbit 转出，价值约 205 万美元 - ChainCatcher,787bce7ff63ca07fd1a9633af6afdb8c1cbff26458ad0c4f6bb45dbb17bdfac6,71033,1426,output/captures/public_records/20260510T102511Z/www.chaincatcher.com_article_2236424_4a84ab69f99e.body.bin,output/captures/public_records/20260510T102511Z/www.chaincatcher.com_article_2236424_4a84ab69f99e.text.txt,
public_reporting,200,www.chaincatcher.com,https://www.chaincatcher.com/en/article/2102300,https://www.chaincatcher.com/en/article/2102300,,REPORT_5_NEWS_AND_REGULATORY_TIMELINE.md,"GambleFi platform Rollbit: Degen EXchange will be temporarily closed, and assets on the platform can be sold or withdrawn - ChainCatcher",bbdc1c51f5f882be4dc336cd61942a12fa9ce0b70461badf7dc49a43916105cc,77836,3080,output/captures/public_records/20260510T102511Z/www.chaincatcher.com_en_article_2102300_593f7571d8a5.body.bin,output/captures/public_records/20260510T102511Z/www.chaincatcher.com_en_article_2102300_593f7571d8a5.text.txt,
public_reporting,200,www.chaincatcher.com,https://www.chaincatcher.com/en/tags/rollbit,https://www.chaincatcher.com/en/tags/rollbit,,REPORT_1_ONCHAIN_FORENSICS.md|REPORT_5_NEWS_AND_REGULATORY_TIMELINE.md,rollbit News and Articles - ChainCatcher,49d4202c7e5f18d618d2db232869b9ade5baaf95b952680701a3ea174540c787,93727,5605,output/captures/public_records/20260510T102511Z/www.chaincatcher.com_en_tags_rollbit_451ce44240fa.body.bin,output/captures/public_records/20260510T102511Z/www.chaincatcher.com_en_tags_rollbit_451ce44240fa.text.txt,
public_reporting,200,www.chaincatcher.com,https://www.chaincatcher.com/ko/article/2202906,https://www.chaincatcher.com/ko/article/2202906,,REPORT_1_ONCHAIN_FORENSICS.md|REPORT_5_NEWS_AND_REGULATORY_TIMELINE.md,데이터: Rollbit 금고 연관 주소에서 5만 개의 SOL을 판매하여 약 890만 달러의 수익을 올림 - ChainCatcher,84dcf5133f064776190cba5df3a17225432bc263bcddb4294031c75724335bec,75938,1920,output/captures/public_records/20260510T102511Z/www.chaincatcher.com_ko_article_2202906_842a2999d84f.body.bin,output/captures/public_records/20260510T102511Z/www.chaincatcher.com_ko_article_2202906_842a2999d84f.text.txt,
public_reporting,200,www.coindesk.com,https://www.coindesk.com/markets/2023/03/31/crypto-casino-rollbits-token-drops-20-amid-licensing-concerns,https://www.coindesk.com/markets/2023/03/31/crypto-casino-rollbits-token-drops-20-amid-licensing-concerns,,REPORT_1_ONCHAIN_FORENSICS.md|REPORT_5_NEWS_AND_REGULATORY_TIMELINE.md,Crypto Casino Rollbit&#x27;s Token Drops 20% Amid Licensing Concerns,94faad49de02e131842ecc0964ca4fc262d2f9e069fd4e275622b46de19b0cc8,465713,5954,output/captures/public_records/20260510T102511Z/www.coindesk.com_markets_2023_03_31_crypto-casino-rollbits-token-drops-20-amid-l_745dc5cf90a3.body.bin,output/captures/public_records/20260510T102511Z/www.coindesk.com_markets_2023_03_31_crypto-casino-rollbits-token-drops-20-amid-l_745dc5cf90a3.text.txt,
public_verification,200,cert.cga.cw,https://cert.cga.cw,https://cert.cga.cw/,,REPORT_4_WEBSITE_TECHNICAL_INVESTIGATION.md,CGA Portal,81db13fd152344b2d40284e8b19aa2b8550e04e31120d2d65205f007bea98c04,57674,1882,output/captures/public_records/20260510T102511Z/cert.cga.cw_a20395602945.body.bin,output/captures/public_records/20260510T102511Z/cert.cga.cw_a20395602945.text.txt,
public_verification,200,cert.cga.cw,https://cert.cga.cw/page/certification_policy,https://cert.cga.cw/page/certification_policy,,REPORT_4_WEBSITE_TECHNICAL_INVESTIGATION.md,CGA Portal,52a739ebc4ef4595a8538f6d1fe1d14495ef32ec0e29ab3917bf27cd47067a0b,55780,3300,output/captures/public_records/20260510T102511Z/cert.cga.cw_page_certification_policy_ed5e977f0d2d.body.bin,output/captures/public_records/20260510T102511Z/cert.cga.cw_page_certification_policy_ed5e977f0d2d.text.txt,
public_verification,200,www.cga.cw,https://www.cga.cw/regulation/online-gaming,https://www.cga.cw/regulation/online-gaming,,REPORT_4_WEBSITE_TECHNICAL_INVESTIGATION.md,Online Gaming - Gaming Control Board,69ac4465de0483e582d8415a5a61a90584bdc5592371dcfcaa5f01f69ed22862,38319,5126,output/captures/public_records/20260510T102511Z/www.cga.cw_regulation_online-gaming_55d63641d2e5.body.bin,output/captures/public_records/20260510T102511Z/www.cga.cw_regulation_online-gaming_55d63641d2e5.text.txt,
social_corroboration,200,x.com,https://x.com/Nonopancake/status/1782506890817105973,https://x.com/Nonopancake/status/1782506890817105973,X-001,REPORT_3_X_TWITTER_EVIDENCE.md|cases_database.json,,a68f2bc74e96b8c52c16032b789896d5bd2c66a8b0c6b6b850b5b48d72e51d8a,270598,170,output/captures/public_records/20260510T102511Z/x.com_Nonopancake_status_1782506890817105973_0223659239a0.body.bin,output/captures/public_records/20260510T102511Z/x.com_Nonopancake_status_1782506890817105973_0223659239a0.text.txt,
social_corroboration,200,x.com,https://x.com/YtZlashy/status/1731639780713103506,https://x.com/YtZlashy/status/1731639780713103506,,REPORT_3_X_TWITTER_EVIDENCE.md|REPORT_6_EVIDENCE_REGISTER.md,,baec8cd2fb1a4e7422b4ddf8e6f983e3ddbc3675e85f4a08fae2620cf08a8b8d,270335,170,output/captures/public_records/20260510T102511Z/x.com_YtZlashy_status_1731639780713103506_76125a561763.body.bin,output/captures/public_records/20260510T102511Z/x.com_YtZlashy_status_1731639780713103506_76125a561763.text.txt,
social_corroboration,200,x.com,https://x.com/robertgambaskr/status/1908964820419764728,https://x.com/robertgambaskr/status/1908964820419764728,,REPORT_3_X_TWITTER_EVIDENCE.md,,63f53e213db485bf91358194ede7a0463a3cef4775c1f704fca85a1c645d4561,272336,170,output/captures/public_records/20260510T102511Z/x.com_robertgambaskr_status_1908964820419764728_8f9121f5f188.body.bin,output/captures/public_records/20260510T102511Z/x.com_robertgambaskr_status_1908964820419764728_8f9121f5f188.text.txt,
social_corroboration,200,x.com,https://x.com/robertgambaskr/status/1947015657050009696,https://x.com/robertgambaskr/status/1947015657050009696,,REPORT_3_X_TWITTER_EVIDENCE.md|REPORT_6_EVIDENCE_REGISTER.md,,a96cf5e1444138ff912aaaa68c648a49f26bcf438e7edbba533401d3ee6334e4,269314,170,output/captures/public_records/20260510T102511Z/x.com_robertgambaskr_status_1947015657050009696_153cd018366c.body.bin,output/captures/public_records/20260510T102511Z/x.com_robertgambaskr_status_1947015657050009696_153cd018366c.text.txt,
social_corroboration,200,x.com,https://x.com/robertgambaskr/status/2029872445662937303,https://x.com/robertgambaskr/status/2029872445662937303,,REPORT_3_X_TWITTER_EVIDENCE.md|REPORT_6_EVIDENCE_REGISTER.md,,5acc9c2e8204465b5c8bf4d00aa9561a4aa88ecd63de16970f6dafd9dc404057,276662,170,output/captures/public_records/20260510T102511Z/x.com_robertgambaskr_status_2029872445662937303_81f79cb59f59.body.bin,output/captures/public_records/20260510T102511Z/x.com_robertgambaskr_status_2029872445662937303_81f79cb59f59.text.txt,
